{"cameraMode":{"drawMode":0,"name":"Shaded","section":"Shading Mode"},"sceneLighting":false,"audioPlay":false,"sceneViewState":{"m_AlwaysRefresh":false,"showFog":false,"showSkybox":false,"showFlares":false,"showImageEffects":false,"showParticleSystems":false,"showVisualEffectGraphs":true,"m_FxEnabled":true},"in2DMode":false,"pivot":{"x":1.0887565612792969,"y":0.31822144985198977,"z":-4.858870506286621},"rotation":{"x":-0.003510760609060526,"y":0.9957733750343323,"z":0.08052361011505127,"w":0.04332735016942024},"size":9.931310653686524,"orthographic":false}