{"cameraMode":{"drawMode":0,"name":"Shaded","section":"Shading Mode"},"sceneLighting":false,"audioPlay":false,"sceneViewState":{"m_AlwaysRefresh":false,"showFog":false,"showSkybox":false,"showFlares":false,"showImageEffects":false,"showParticleSystems":false,"showVisualEffectGraphs":true,"m_FxEnabled":true},"in2DMode":false,"pivot":{"x":1.5737727880477906,"y":-0.44801729917526247,"z":-0.1500082015991211},"rotation":{"x":-0.0000734184286557138,"y":0.9998556971549988,"z":0.014688942581415177,"w":0.004483472090214491},"size":5.1412434577941898,"orthographic":false}