{"cameraMode":{"drawMode":0,"name":"Shaded","section":"Shading Mode"},"sceneLighting":true,"audioPlay":false,"sceneViewState":{"m_AlwaysRefresh":false,"showFog":true,"showSkybox":true,"showFlares":true,"showImageEffects":true,"showParticleSystems":true,"showVisualEffectGraphs":true,"m_FxEnabled":true},"in2DMode":false,"pivot":{"x":-2.5019004344940187,"y":4.332544803619385,"z":-10.82258129119873},"rotation":{"x":0.08951524645090103,"y":0.20001955330371858,"z":-0.018328987061977388,"w":0.9755393266677856},"size":0.12220494449138642,"orthographic":false}