{"cameraMode":{"drawMode":0,"name":"Shaded","section":"Shading Mode"},"sceneLighting":true,"audioPlay":false,"sceneViewState":{"m_AlwaysRefresh":false,"showFog":true,"showSkybox":true,"showFlares":true,"showImageEffects":true,"showParticleSystems":true,"showVisualEffectGraphs":true,"m_FxEnabled":true},"in2DMode":false,"pivot":{"x":-18.607515335083009,"y":-2.6561224460601808,"z":3.9969658851623537},"rotation":{"x":-0.10046419501304627,"y":0.6106900572776794,"z":-0.07844561338424683,"w":-0.7815519571304321},"size":15.454856872558594,"orthographic":false}