{"cameraMode":{"drawMode":0,"name":"Shaded","section":"Shading Mode"},"sceneLighting":true,"audioPlay":false,"sceneViewState":{"m_AlwaysRefresh":false,"showFog":true,"showSkybox":true,"showFlares":true,"showImageEffects":true,"showParticleSystems":true,"showVisualEffectGraphs":true,"m_FxEnabled":true},"in2DMode":false,"pivot":{"x":-356.9145812988281,"y":99.31493377685547,"z":54.647701263427737},"rotation":{"x":0.056870829313993457,"y":0.9217575192451477,"z":-0.14739269018173219,"w":0.35425764322280886},"size":8.188859939575196,"orthographic":false}