{"cameraMode":{"drawMode":0,"name":"Shaded","section":"Shading Mode"},"sceneLighting":true,"audioPlay":false,"sceneViewState":{"m_AlwaysRefresh":false,"showFog":true,"showSkybox":true,"showFlares":true,"showImageEffects":true,"showParticleSystems":true,"showVisualEffectGraphs":true,"m_FxEnabled":true},"in2DMode":false,"pivot":{"x":-7.957979679107666,"y":4.002363204956055,"z":-1.1649370193481446},"rotation":{"x":0.06602004170417786,"y":0.7218078374862671,"z":-0.06949153542518616,"w":0.6854455471038818},"size":0.42364072799682619,"orthographic":false}