{"cameraMode":{"drawMode":0,"name":"Shaded","section":"Shading Mode"},"sceneLighting":true,"audioPlay":false,"sceneViewState":{"m_AlwaysRefresh":false,"showFog":true,"showSkybox":true,"showFlares":true,"showImageEffects":true,"showParticleSystems":true,"showVisualEffectGraphs":true,"m_FxEnabled":true},"in2DMode":false,"pivot":{"x":-2.1317296028137209,"y":4.400424003601074,"z":-1.2251538038253785},"rotation":{"x":0.02652522549033165,"y":0.869892418384552,"z":-0.04700450226664543,"w":0.49030035734176638},"size":0.42364072799682619,"orthographic":false}