{"cameraMode":{"drawMode":0,"name":"Shaded","section":"Shading Mode"},"sceneLighting":true,"audioPlay":false,"sceneViewState":{"m_AlwaysRefresh":false,"showFog":true,"showSkybox":true,"showFlares":true,"showImageEffects":true,"showParticleSystems":true,"showVisualEffectGraphs":true,"m_FxEnabled":true},"in2DMode":false,"pivot":{"x":6.397278308868408,"y":-1.4158310890197755,"z":-19.946311950683595},"rotation":{"x":0.02098248526453972,"y":0.9707030057907105,"z":-0.09231505542993546,"w":0.22094954550266267},"size":12.107488632202149,"orthographic":false}