{"cameraMode":{"drawMode":0,"name":"Shaded","section":"Shading Mode"},"sceneLighting":false,"audioPlay":false,"sceneViewState":{"m_AlwaysRefresh":false,"showFog":true,"showSkybox":false,"showFlares":true,"showImageEffects":true,"showParticleSystems":true,"showVisualEffectGraphs":true,"m_FxEnabled":true},"in2DMode":false,"pivot":{"x":-1.2899999618530274,"y":1.2000000476837159,"z":-5.710000038146973},"rotation":{"x":0.002059705089777708,"y":0.9907631278038025,"z":-0.13488397002220155,"w":0.015161942690610886},"size":0.8660253882408142,"orthographic":false}