{"cameraMode":{"drawMode":0,"name":"Shaded","section":"Shading Mode"},"sceneLighting":false,"audioPlay":false,"sceneViewState":{"m_AlwaysRefresh":false,"showFog":false,"showSkybox":false,"showFlares":false,"showImageEffects":false,"showParticleSystems":false,"showVisualEffectGraphs":true,"m_FxEnabled":true},"in2DMode":false,"pivot":{"x":8.962186813354493,"y":2.8561391830444338,"z":-22.642332077026368},"rotation":{"x":0.0023162749130278827,"y":0.9950705766677856,"z":-0.024196114391088487,"w":0.09580576419830322},"size":16.22852897644043,"orthographic":false}