{"cameraMode":{"drawMode":0,"name":"Shaded","section":"Shading Mode"},"sceneLighting":false,"audioPlay":false,"sceneViewState":{"m_AlwaysRefresh":false,"showFog":false,"showSkybox":false,"showFlares":false,"showImageEffects":false,"showParticleSystems":false,"showVisualEffectGraphs":true,"m_FxEnabled":true},"in2DMode":false,"pivot":{"x":7.107951641082764,"y":6.007054805755615,"z":-13.277754783630371},"rotation":{"x":0.0012423433363437653,"y":0.9979570508003235,"z":0.020650794729590417,"w":-0.05996505916118622},"size":14.860950469970704,"orthographic":false}